{"cameraMode":{"drawMode":0,"name":"Shaded","section":"Shading Mode"},"sceneLighting":true,"audioPlay":false,"sceneViewState":{"m_AlwaysRefresh":false,"showFog":true,"showSkybox":true,"showFlares":true,"showImageEffects":true,"showParticleSystems":true,"showVisualEffectGraphs":true,"m_FxEnabled":true},"in2DMode":false,"pivot":{"x":-3.3499999046325685,"y":1.7600001096725464,"z":-0.7199999690055847},"rotation":{"x":-0.0692179799079895,"y":0.033825818449258807,"z":-0.0023386343382298948,"w":-0.9970599412918091},"size":6.890481948852539,"orthographic":false}